Metric,Freq_Baseline,LLM_Baseline,Cosine,Δ Cosine-LLM,%Δ Cosine-LLM,F1_Threshold,Semantic_Threshold
EM,0.024242424242424242,0.01818181818181818,0.24242424242424243,0.22424242424242424,12.333333333333334,0.75,0.7
F1,0.041616161616161614,0.4100742980612137,0.5058360907263986,0.09576179266518486,0.23352303013852882,0.75,0.7
Semantic,0.03879767090375252,0.5015232103270274,0.5404461335494138,0.03892292322238644,0.07760941551838854,0.75,0.7
Correct_Strict,0.024242424242424242,0.40606060606060607,0.44242424242424244,0.036363636363636376,0.08955223880597017,0.75,0.7
Correct_BarMode,0.03636363636363636,0.5151515151515151,0.5757575757575758,0.06060606060606066,0.11764705882352952,0.75,0.7
